record_id,source_file,source_page,source_system,employee_id,employee_name,record_type,period_start,period_end,pay_date,regular_hours,overtime_hours,gross_pay,expected_disposition,reason_code,employee_match,type_match,date_match,review_note
MATCH-2026-01-PR,2026-01-january-payroll-packet.pdf,1,SYNTHETIC_MONTHLY_PAYROLL_PACKET,E-1042,Audrea Barnes,PAYROLL_REGISTER,2026-01-01,2026-01-31,2026-02-05,156,6,3630,MATCHED,EXACT_EMPLOYEE_TYPE_DATE_MATCH,true,true,true,
MATCH-2026-01-WS,2026-01-january-payroll-packet.pdf,2,SYNTHETIC_MONTHLY_PAYROLL_PACKET,E-1042,Audrea Barnes,WAGE_STATEMENT,2026-01-01,2026-01-31,2026-02-05,156,6,3630,MATCHED,EXACT_EMPLOYEE_TYPE_DATE_MATCH,true,true,true,
MATCH-2026-01-TR,2026-01-january-payroll-packet.pdf,3,SYNTHETIC_MONTHLY_PAYROLL_PACKET,E-1042,Audrea Barnes,TIME_RECORD,2026-01-01,2026-01-31,2026-02-05,156,6,,MATCHED,EXACT_EMPLOYEE_TYPE_DATE_MATCH,true,true,true,
MATCH-2026-02-PR,2026-02-february-payroll-packet.pdf,1,SYNTHETIC_MONTHLY_PAYROLL_PACKET,E-1042,Audrea Barnes,PAYROLL_REGISTER,2026-02-01,2026-02-28,2026-03-05,160,4,3652,MATCHED,EXACT_EMPLOYEE_TYPE_DATE_MATCH,true,true,true,
MATCH-2026-02-WS,2026-02-february-payroll-packet.pdf,2,SYNTHETIC_MONTHLY_PAYROLL_PACKET,E-1042,Audrea Barnes,WAGE_STATEMENT,2026-02-01,2026-02-28,2026-03-05,160,4,3652,MATCHED,EXACT_EMPLOYEE_TYPE_DATE_MATCH,true,true,true,
MATCH-2026-02-TR,2026-02-february-payroll-packet.pdf,3,SYNTHETIC_MONTHLY_PAYROLL_PACKET,E-1042,Audrea Barnes,TIME_RECORD,2026-02-01,2026-02-28,2026-03-05,160,4,,MATCHED,EXACT_EMPLOYEE_TYPE_DATE_MATCH,true,true,true,
MATCH-2026-03-PR,2026-03-march-payroll-packet.pdf,1,SYNTHETIC_MONTHLY_PAYROLL_PACKET,E-1042,Audrea Barnes,PAYROLL_REGISTER,2026-03-01,2026-03-31,2026-04-05,168,8,3960,MATCHED,EXACT_EMPLOYEE_TYPE_DATE_MATCH,true,true,true,
MATCH-2026-03-WS,2026-03-march-payroll-packet.pdf,2,SYNTHETIC_MONTHLY_PAYROLL_PACKET,E-1042,Audrea Barnes,WAGE_STATEMENT,2026-03-01,2026-03-31,2026-04-05,168,8,3960,MATCHED,EXACT_EMPLOYEE_TYPE_DATE_MATCH,true,true,true,
MATCH-2026-03-TR,2026-03-march-payroll-packet.pdf,3,SYNTHETIC_MONTHLY_PAYROLL_PACKET,E-1042,Audrea Barnes,TIME_RECORD,2026-03-01,2026-03-31,2026-04-05,168,8,,MATCHED,EXACT_EMPLOYEE_TYPE_DATE_MATCH,true,true,true,
MATCH-2026-04-PR,2026-04-april-payroll-packet.pdf,1,SYNTHETIC_MONTHLY_PAYROLL_PACKET,E-1042,Audrea Barnes,PAYROLL_REGISTER,2026-04-01,2026-04-30,2026-05-05,160,5,3685,MATCHED,EXACT_EMPLOYEE_TYPE_DATE_MATCH,true,true,true,
MATCH-2026-04-WS,2026-04-april-payroll-packet.pdf,2,SYNTHETIC_MONTHLY_PAYROLL_PACKET,E-1042,Audrea Barnes,WAGE_STATEMENT,2026-04-01,2026-04-30,2026-05-05,160,5,3685,MATCHED,EXACT_EMPLOYEE_TYPE_DATE_MATCH,true,true,true,
MATCH-2026-04-TR,2026-04-april-payroll-packet.pdf,3,SYNTHETIC_MONTHLY_PAYROLL_PACKET,E-1042,Audrea Barnes,TIME_RECORD,2026-04-01,2026-04-30,2026-05-05,160,5,,MATCHED,EXACT_EMPLOYEE_TYPE_DATE_MATCH,true,true,true,
MATCH-2026-05-PR,2026-05-may-payroll-packet.pdf,1,SYNTHETIC_MONTHLY_PAYROLL_PACKET,E-1042,Audrea Barnes,PAYROLL_REGISTER,2026-05-01,2026-05-31,2026-06-05,168,3,3795,MATCHED,EXACT_EMPLOYEE_TYPE_DATE_MATCH,true,true,true,
MATCH-2026-05-WS,2026-05-may-payroll-packet.pdf,2,SYNTHETIC_MONTHLY_PAYROLL_PACKET,E-1042,Audrea Barnes,WAGE_STATEMENT,2026-05-01,2026-05-31,2026-06-05,168,3,3795,MATCHED,EXACT_EMPLOYEE_TYPE_DATE_MATCH,true,true,true,
MATCH-2026-05-TR,2026-05-may-payroll-packet.pdf,3,SYNTHETIC_MONTHLY_PAYROLL_PACKET,E-1042,Audrea Barnes,TIME_RECORD,2026-05-01,2026-05-31,2026-06-05,168,3,,MATCHED,EXACT_EMPLOYEE_TYPE_DATE_MATCH,true,true,true,
MATCH-2026-06-PR,2026-06-june-payroll-packet.pdf,1,SYNTHETIC_MONTHLY_PAYROLL_PACKET,E-1042,Audrea Barnes,PAYROLL_REGISTER,2026-06-01,2026-06-30,2026-07-05,160,7,3751,MATCHED,EXACT_EMPLOYEE_TYPE_DATE_MATCH,true,true,true,
MATCH-2026-06-WS,2026-06-june-payroll-packet.pdf,2,SYNTHETIC_MONTHLY_PAYROLL_PACKET,E-1042,Audrea Barnes,WAGE_STATEMENT,2026-06-01,2026-06-30,2026-07-05,160,7,3751,MATCHED,EXACT_EMPLOYEE_TYPE_DATE_MATCH,true,true,true,
MATCH-2026-06-TR,2026-06-june-payroll-packet.pdf,3,SYNTHETIC_MONTHLY_PAYROLL_PACKET,E-1042,Audrea Barnes,TIME_RECORD,2026-06-01,2026-06-30,2026-07-05,160,7,,MATCHED,EXACT_EMPLOYEE_TYPE_DATE_MATCH,true,true,true,
MATCH-2026-07-PR,2026-07-july-payroll-packet.pdf,1,SYNTHETIC_MONTHLY_PAYROLL_PACKET,E-1042,Audrea Barnes,PAYROLL_REGISTER,2026-07-01,2026-07-15,2026-07-15,80,2,1826,MATCHED,EXACT_EMPLOYEE_TYPE_DATE_MATCH,true,true,true,
MATCH-2026-07-WS,2026-07-july-payroll-packet.pdf,2,SYNTHETIC_MONTHLY_PAYROLL_PACKET,E-1042,Audrea Barnes,WAGE_STATEMENT,2026-07-01,2026-07-15,2026-07-15,80,2,1826,MATCHED,EXACT_EMPLOYEE_TYPE_DATE_MATCH,true,true,true,
MATCH-2026-07-TR,2026-07-july-payroll-packet.pdf,3,SYNTHETIC_MONTHLY_PAYROLL_PACKET,E-1042,Audrea Barnes,TIME_RECORD,2026-07-01,2026-07-15,2026-07-15,80,2,,MATCHED,EXACT_EMPLOYEE_TYPE_DATE_MATCH,true,true,true,
POSS-001,possible-record-01.json,1,SYNTHETIC_EDGE_CASE_EXPORT,E-1042,A. Barnes,PAYROLL_REGISTER,2026-01-01,2026-01-31,2026-02-05,,,,POSSIBLE,NAME_VARIANT,false,true,true,Initial-only employee name; confirm identity.
POSS-002,possible-record-02.json,1,SYNTHETIC_EDGE_CASE_EXPORT,,Audrea Barnes,WAGE_STATEMENT,2026-02-01,2026-02-28,2026-03-05,,,,POSSIBLE,MISSING_EMPLOYEE_ID,false,true,true,Name matches but employee ID is absent.
POSS-003,possible-record-03.json,1,SYNTHETIC_EDGE_CASE_EXPORT,E-1042,Audrea Barnes,TIME_RECORD,2025-12-28,2026-01-03,2026-01-05,,,,POSSIBLE,DATE_OVERLAPS_START,true,true,false,Record overlaps the January 1 request boundary.
POSS-004,possible-record-04.json,1,SYNTHETIC_EDGE_CASE_EXPORT,E-1042,Audrea Barnes,PAYROLL_REGISTER,2026-07-01,2026-07-31,2026-08-05,,,,POSSIBLE,DATE_OVERLAPS_CUTOFF,true,true,false,Record extends beyond the locked July 15 cutoff.
POSS-005,possible-record-05.json,1,SYNTHETIC_EDGE_CASE_EXPORT,E-1042,Audrea Barnes,PAYROLL_SUMMARY,2026-03-01,2026-03-31,2026-04-05,,,,POSSIBLE,CATEGORY_MAPPING_NEEDED,true,false,true,Source label may map to payroll records; human confirmation required.
POSS-006,possible-record-06.json,1,SYNTHETIC_EDGE_CASE_EXPORT,E-1042,Audrea Barnes,WAGE_STATEMENT,2026-04-01,2026-04-30,2026-05-05,,,,POSSIBLE,POSSIBLE_DUPLICATE,true,true,true,Same-period export has a duplicate-source flag.
POSS-007,possible-record-07.json,1,SYNTHETIC_EDGE_CASE_EXPORT,E-1042,Audrea Barnes,TIME_RECORD,2026-05-01,,2026-06-05,,,,POSSIBLE,MISSING_PERIOD_END,true,true,false,Period end is missing; do not infer it.
OUT-EMP-001-PR,bulk-payroll-export-2026-01.csv,1,SYNTHETIC_BULK_PAYROLL_EXPORT,E-2001,Fixture Employee 001,PAYROLL_REGISTER,2026-01-01,2026-01-31,2026-02-05,160,1,3040,OUTSIDE,OTHER_EMPLOYEE,false,true,true,
OUT-EMP-001-WS,bulk-payroll-export-2026-01.csv,2,SYNTHETIC_BULK_PAYROLL_EXPORT,E-2001,Fixture Employee 001,WAGE_STATEMENT,2026-01-01,2026-01-31,2026-02-05,160,1,3040,OUTSIDE,OTHER_EMPLOYEE,false,true,true,
OUT-EMP-001-TR,bulk-payroll-export-2026-01.csv,3,SYNTHETIC_BULK_PAYROLL_EXPORT,E-2001,Fixture Employee 001,TIME_RECORD,2026-01-01,2026-01-31,2026-02-05,160,1,,OUTSIDE,OTHER_EMPLOYEE,false,true,true,
OUT-EMP-002-PR,bulk-payroll-export-2026-02.csv,1,SYNTHETIC_BULK_PAYROLL_EXPORT,E-2002,Fixture Employee 002,PAYROLL_REGISTER,2026-02-01,2026-02-28,2026-03-05,160,2,3200,OUTSIDE,OTHER_EMPLOYEE,false,true,true,
OUT-EMP-002-WS,bulk-payroll-export-2026-02.csv,2,SYNTHETIC_BULK_PAYROLL_EXPORT,E-2002,Fixture Employee 002,WAGE_STATEMENT,2026-02-01,2026-02-28,2026-03-05,160,2,3200,OUTSIDE,OTHER_EMPLOYEE,false,true,true,
OUT-EMP-002-TR,bulk-payroll-export-2026-02.csv,3,SYNTHETIC_BULK_PAYROLL_EXPORT,E-2002,Fixture Employee 002,TIME_RECORD,2026-02-01,2026-02-28,2026-03-05,160,2,,OUTSIDE,OTHER_EMPLOYEE,false,true,true,
OUT-EMP-003-PR,bulk-payroll-export-2026-03.csv,1,SYNTHETIC_BULK_PAYROLL_EXPORT,E-2003,Fixture Employee 003,PAYROLL_REGISTER,2026-03-01,2026-03-31,2026-04-05,160,3,3360,OUTSIDE,OTHER_EMPLOYEE,false,true,true,
OUT-EMP-003-WS,bulk-payroll-export-2026-03.csv,2,SYNTHETIC_BULK_PAYROLL_EXPORT,E-2003,Fixture Employee 003,WAGE_STATEMENT,2026-03-01,2026-03-31,2026-04-05,160,3,3360,OUTSIDE,OTHER_EMPLOYEE,false,true,true,
OUT-EMP-003-TR,bulk-payroll-export-2026-03.csv,3,SYNTHETIC_BULK_PAYROLL_EXPORT,E-2003,Fixture Employee 003,TIME_RECORD,2026-03-01,2026-03-31,2026-04-05,160,3,,OUTSIDE,OTHER_EMPLOYEE,false,true,true,
OUT-EMP-004-PR,bulk-payroll-export-2026-04.csv,1,SYNTHETIC_BULK_PAYROLL_EXPORT,E-2004,Fixture Employee 004,PAYROLL_REGISTER,2026-04-01,2026-04-30,2026-05-05,160,4,3520,OUTSIDE,OTHER_EMPLOYEE,false,true,true,
OUT-EMP-004-WS,bulk-payroll-export-2026-04.csv,2,SYNTHETIC_BULK_PAYROLL_EXPORT,E-2004,Fixture Employee 004,WAGE_STATEMENT,2026-04-01,2026-04-30,2026-05-05,160,4,3520,OUTSIDE,OTHER_EMPLOYEE,false,true,true,
OUT-EMP-004-TR,bulk-payroll-export-2026-04.csv,3,SYNTHETIC_BULK_PAYROLL_EXPORT,E-2004,Fixture Employee 004,TIME_RECORD,2026-04-01,2026-04-30,2026-05-05,160,4,,OUTSIDE,OTHER_EMPLOYEE,false,true,true,
OUT-EMP-005-PR,bulk-payroll-export-2026-05.csv,1,SYNTHETIC_BULK_PAYROLL_EXPORT,E-2005,Fixture Employee 005,PAYROLL_REGISTER,2026-05-01,2026-05-31,2026-06-05,160,0,3680,OUTSIDE,OTHER_EMPLOYEE,false,true,true,
OUT-EMP-005-WS,bulk-payroll-export-2026-05.csv,2,SYNTHETIC_BULK_PAYROLL_EXPORT,E-2005,Fixture Employee 005,WAGE_STATEMENT,2026-05-01,2026-05-31,2026-06-05,160,0,3680,OUTSIDE,OTHER_EMPLOYEE,false,true,true,
OUT-EMP-005-TR,bulk-payroll-export-2026-05.csv,3,SYNTHETIC_BULK_PAYROLL_EXPORT,E-2005,Fixture Employee 005,TIME_RECORD,2026-05-01,2026-05-31,2026-06-05,160,0,,OUTSIDE,OTHER_EMPLOYEE,false,true,true,
OUT-EMP-006-PR,bulk-payroll-export-2026-06.csv,1,SYNTHETIC_BULK_PAYROLL_EXPORT,E-2006,Fixture Employee 006,PAYROLL_REGISTER,2026-06-01,2026-06-30,2026-07-05,160,1,3840,OUTSIDE,OTHER_EMPLOYEE,false,true,true,
OUT-EMP-006-WS,bulk-payroll-export-2026-06.csv,2,SYNTHETIC_BULK_PAYROLL_EXPORT,E-2006,Fixture Employee 006,WAGE_STATEMENT,2026-06-01,2026-06-30,2026-07-05,160,1,3840,OUTSIDE,OTHER_EMPLOYEE,false,true,true,
OUT-EMP-006-TR,bulk-payroll-export-2026-06.csv,3,SYNTHETIC_BULK_PAYROLL_EXPORT,E-2006,Fixture Employee 006,TIME_RECORD,2026-06-01,2026-06-30,2026-07-05,160,1,,OUTSIDE,OTHER_EMPLOYEE,false,true,true,
OUT-EMP-007-PR,bulk-payroll-export-2026-07.csv,1,SYNTHETIC_BULK_PAYROLL_EXPORT,E-2007,Fixture Employee 007,PAYROLL_REGISTER,2026-07-01,2026-07-15,2026-07-15,80,2,2000,OUTSIDE,OTHER_EMPLOYEE,false,true,true,
OUT-EMP-007-WS,bulk-payroll-export-2026-07.csv,2,SYNTHETIC_BULK_PAYROLL_EXPORT,E-2007,Fixture Employee 007,WAGE_STATEMENT,2026-07-01,2026-07-15,2026-07-15,80,2,2000,OUTSIDE,OTHER_EMPLOYEE,false,true,true,
OUT-EMP-007-TR,bulk-payroll-export-2026-07.csv,3,SYNTHETIC_BULK_PAYROLL_EXPORT,E-2007,Fixture Employee 007,TIME_RECORD,2026-07-01,2026-07-15,2026-07-15,80,2,,OUTSIDE,OTHER_EMPLOYEE,false,true,true,
OUT-EMP-008-PR,bulk-payroll-export-2026-01.csv,1,SYNTHETIC_BULK_PAYROLL_EXPORT,E-2008,Fixture Employee 008,PAYROLL_REGISTER,2026-01-01,2026-01-31,2026-02-05,160,3,2880,OUTSIDE,OTHER_EMPLOYEE,false,true,true,
OUT-EMP-008-WS,bulk-payroll-export-2026-01.csv,2,SYNTHETIC_BULK_PAYROLL_EXPORT,E-2008,Fixture Employee 008,WAGE_STATEMENT,2026-01-01,2026-01-31,2026-02-05,160,3,2880,OUTSIDE,OTHER_EMPLOYEE,false,true,true,
OUT-EMP-008-TR,bulk-payroll-export-2026-01.csv,3,SYNTHETIC_BULK_PAYROLL_EXPORT,E-2008,Fixture Employee 008,TIME_RECORD,2026-01-01,2026-01-31,2026-02-05,160,3,,OUTSIDE,OTHER_EMPLOYEE,false,true,true,
OUT-EMP-009-PR,bulk-payroll-export-2026-02.csv,1,SYNTHETIC_BULK_PAYROLL_EXPORT,E-2009,Fixture Employee 009,PAYROLL_REGISTER,2026-02-01,2026-02-28,2026-03-05,160,4,3040,OUTSIDE,OTHER_EMPLOYEE,false,true,true,
OUT-EMP-009-WS,bulk-payroll-export-2026-02.csv,2,SYNTHETIC_BULK_PAYROLL_EXPORT,E-2009,Fixture Employee 009,WAGE_STATEMENT,2026-02-01,2026-02-28,2026-03-05,160,4,3040,OUTSIDE,OTHER_EMPLOYEE,false,true,true,
OUT-EMP-009-TR,bulk-payroll-export-2026-02.csv,3,SYNTHETIC_BULK_PAYROLL_EXPORT,E-2009,Fixture Employee 009,TIME_RECORD,2026-02-01,2026-02-28,2026-03-05,160,4,,OUTSIDE,OTHER_EMPLOYEE,false,true,true,
OUT-EMP-010-PR,bulk-payroll-export-2026-03.csv,1,SYNTHETIC_BULK_PAYROLL_EXPORT,E-2010,Fixture Employee 010,PAYROLL_REGISTER,2026-03-01,2026-03-31,2026-04-05,160,0,3200,OUTSIDE,OTHER_EMPLOYEE,false,true,true,
OUT-EMP-010-WS,bulk-payroll-export-2026-03.csv,2,SYNTHETIC_BULK_PAYROLL_EXPORT,E-2010,Fixture Employee 010,WAGE_STATEMENT,2026-03-01,2026-03-31,2026-04-05,160,0,3200,OUTSIDE,OTHER_EMPLOYEE,false,true,true,
OUT-EMP-010-TR,bulk-payroll-export-2026-03.csv,3,SYNTHETIC_BULK_PAYROLL_EXPORT,E-2010,Fixture Employee 010,TIME_RECORD,2026-03-01,2026-03-31,2026-04-05,160,0,,OUTSIDE,OTHER_EMPLOYEE,false,true,true,
OUT-EMP-011-PR,bulk-payroll-export-2026-04.csv,1,SYNTHETIC_BULK_PAYROLL_EXPORT,E-2011,Fixture Employee 011,PAYROLL_REGISTER,2026-04-01,2026-04-30,2026-05-05,160,1,3360,OUTSIDE,OTHER_EMPLOYEE,false,true,true,
OUT-EMP-011-WS,bulk-payroll-export-2026-04.csv,2,SYNTHETIC_BULK_PAYROLL_EXPORT,E-2011,Fixture Employee 011,WAGE_STATEMENT,2026-04-01,2026-04-30,2026-05-05,160,1,3360,OUTSIDE,OTHER_EMPLOYEE,false,true,true,
OUT-EMP-011-TR,bulk-payroll-export-2026-04.csv,3,SYNTHETIC_BULK_PAYROLL_EXPORT,E-2011,Fixture Employee 011,TIME_RECORD,2026-04-01,2026-04-30,2026-05-05,160,1,,OUTSIDE,OTHER_EMPLOYEE,false,true,true,
OUT-EMP-012-PR,bulk-payroll-export-2026-05.csv,1,SYNTHETIC_BULK_PAYROLL_EXPORT,E-2012,Fixture Employee 012,PAYROLL_REGISTER,2026-05-01,2026-05-31,2026-06-05,160,2,3520,OUTSIDE,OTHER_EMPLOYEE,false,true,true,
OUT-EMP-012-WS,bulk-payroll-export-2026-05.csv,2,SYNTHETIC_BULK_PAYROLL_EXPORT,E-2012,Fixture Employee 012,WAGE_STATEMENT,2026-05-01,2026-05-31,2026-06-05,160,2,3520,OUTSIDE,OTHER_EMPLOYEE,false,true,true,
OUT-EMP-012-TR,bulk-payroll-export-2026-05.csv,3,SYNTHETIC_BULK_PAYROLL_EXPORT,E-2012,Fixture Employee 012,TIME_RECORD,2026-05-01,2026-05-31,2026-06-05,160,2,,OUTSIDE,OTHER_EMPLOYEE,false,true,true,
OUT-EMP-013-PR,bulk-payroll-export-2026-06.csv,1,SYNTHETIC_BULK_PAYROLL_EXPORT,E-2013,Fixture Employee 013,PAYROLL_REGISTER,2026-06-01,2026-06-30,2026-07-05,160,3,3680,OUTSIDE,OTHER_EMPLOYEE,false,true,true,
OUT-EMP-013-WS,bulk-payroll-export-2026-06.csv,2,SYNTHETIC_BULK_PAYROLL_EXPORT,E-2013,Fixture Employee 013,WAGE_STATEMENT,2026-06-01,2026-06-30,2026-07-05,160,3,3680,OUTSIDE,OTHER_EMPLOYEE,false,true,true,
OUT-EMP-013-TR,bulk-payroll-export-2026-06.csv,3,SYNTHETIC_BULK_PAYROLL_EXPORT,E-2013,Fixture Employee 013,TIME_RECORD,2026-06-01,2026-06-30,2026-07-05,160,3,,OUTSIDE,OTHER_EMPLOYEE,false,true,true,
OUT-EMP-014-PR,bulk-payroll-export-2026-07.csv,1,SYNTHETIC_BULK_PAYROLL_EXPORT,E-2014,Fixture Employee 014,PAYROLL_REGISTER,2026-07-01,2026-07-15,2026-07-15,80,4,1920,OUTSIDE,OTHER_EMPLOYEE,false,true,true,
OUT-EMP-014-WS,bulk-payroll-export-2026-07.csv,2,SYNTHETIC_BULK_PAYROLL_EXPORT,E-2014,Fixture Employee 014,WAGE_STATEMENT,2026-07-01,2026-07-15,2026-07-15,80,4,1920,OUTSIDE,OTHER_EMPLOYEE,false,true,true,
OUT-EMP-014-TR,bulk-payroll-export-2026-07.csv,3,SYNTHETIC_BULK_PAYROLL_EXPORT,E-2014,Fixture Employee 014,TIME_RECORD,2026-07-01,2026-07-15,2026-07-15,80,4,,OUTSIDE,OTHER_EMPLOYEE,false,true,true,
OUT-EMP-015-PR,bulk-payroll-export-2026-01.csv,1,SYNTHETIC_BULK_PAYROLL_EXPORT,E-2015,Fixture Employee 015,PAYROLL_REGISTER,2026-01-01,2026-01-31,2026-02-05,160,0,4000,OUTSIDE,OTHER_EMPLOYEE,false,true,true,
OUT-EMP-015-WS,bulk-payroll-export-2026-01.csv,2,SYNTHETIC_BULK_PAYROLL_EXPORT,E-2015,Fixture Employee 015,WAGE_STATEMENT,2026-01-01,2026-01-31,2026-02-05,160,0,4000,OUTSIDE,OTHER_EMPLOYEE,false,true,true,
OUT-EMP-015-TR,bulk-payroll-export-2026-01.csv,3,SYNTHETIC_BULK_PAYROLL_EXPORT,E-2015,Fixture Employee 015,TIME_RECORD,2026-01-01,2026-01-31,2026-02-05,160,0,,OUTSIDE,OTHER_EMPLOYEE,false,true,true,
OUT-EMP-016-PR,bulk-payroll-export-2026-02.csv,1,SYNTHETIC_BULK_PAYROLL_EXPORT,E-2016,Fixture Employee 016,PAYROLL_REGISTER,2026-02-01,2026-02-28,2026-03-05,160,1,2880,OUTSIDE,OTHER_EMPLOYEE,false,true,true,
OUT-EMP-016-WS,bulk-payroll-export-2026-02.csv,2,SYNTHETIC_BULK_PAYROLL_EXPORT,E-2016,Fixture Employee 016,WAGE_STATEMENT,2026-02-01,2026-02-28,2026-03-05,160,1,2880,OUTSIDE,OTHER_EMPLOYEE,false,true,true,
OUT-EMP-016-TR,bulk-payroll-export-2026-02.csv,3,SYNTHETIC_BULK_PAYROLL_EXPORT,E-2016,Fixture Employee 016,TIME_RECORD,2026-02-01,2026-02-28,2026-03-05,160,1,,OUTSIDE,OTHER_EMPLOYEE,false,true,true,
OUT-EMP-017-PR,bulk-payroll-export-2026-03.csv,1,SYNTHETIC_BULK_PAYROLL_EXPORT,E-2017,Fixture Employee 017,PAYROLL_REGISTER,2026-03-01,2026-03-31,2026-04-05,160,2,3040,OUTSIDE,OTHER_EMPLOYEE,false,true,true,
OUT-EMP-017-WS,bulk-payroll-export-2026-03.csv,2,SYNTHETIC_BULK_PAYROLL_EXPORT,E-2017,Fixture Employee 017,WAGE_STATEMENT,2026-03-01,2026-03-31,2026-04-05,160,2,3040,OUTSIDE,OTHER_EMPLOYEE,false,true,true,
OUT-EMP-017-TR,bulk-payroll-export-2026-03.csv,3,SYNTHETIC_BULK_PAYROLL_EXPORT,E-2017,Fixture Employee 017,TIME_RECORD,2026-03-01,2026-03-31,2026-04-05,160,2,,OUTSIDE,OTHER_EMPLOYEE,false,true,true,
OUT-EMP-018-PR,bulk-payroll-export-2026-04.csv,1,SYNTHETIC_BULK_PAYROLL_EXPORT,E-2018,Fixture Employee 018,PAYROLL_REGISTER,2026-04-01,2026-04-30,2026-05-05,160,3,3200,OUTSIDE,OTHER_EMPLOYEE,false,true,true,
OUT-EMP-018-WS,bulk-payroll-export-2026-04.csv,2,SYNTHETIC_BULK_PAYROLL_EXPORT,E-2018,Fixture Employee 018,WAGE_STATEMENT,2026-04-01,2026-04-30,2026-05-05,160,3,3200,OUTSIDE,OTHER_EMPLOYEE,false,true,true,
OUT-EMP-018-TR,bulk-payroll-export-2026-04.csv,3,SYNTHETIC_BULK_PAYROLL_EXPORT,E-2018,Fixture Employee 018,TIME_RECORD,2026-04-01,2026-04-30,2026-05-05,160,3,,OUTSIDE,OTHER_EMPLOYEE,false,true,true,
OUT-EMP-019-PR,bulk-payroll-export-2026-05.csv,1,SYNTHETIC_BULK_PAYROLL_EXPORT,E-2019,Fixture Employee 019,PAYROLL_REGISTER,2026-05-01,2026-05-31,2026-06-05,160,4,3360,OUTSIDE,OTHER_EMPLOYEE,false,true,true,
OUT-EMP-019-WS,bulk-payroll-export-2026-05.csv,2,SYNTHETIC_BULK_PAYROLL_EXPORT,E-2019,Fixture Employee 019,WAGE_STATEMENT,2026-05-01,2026-05-31,2026-06-05,160,4,3360,OUTSIDE,OTHER_EMPLOYEE,false,true,true,
OUT-EMP-019-TR,bulk-payroll-export-2026-05.csv,3,SYNTHETIC_BULK_PAYROLL_EXPORT,E-2019,Fixture Employee 019,TIME_RECORD,2026-05-01,2026-05-31,2026-06-05,160,4,,OUTSIDE,OTHER_EMPLOYEE,false,true,true,
OUT-EMP-020-PR,bulk-payroll-export-2026-06.csv,1,SYNTHETIC_BULK_PAYROLL_EXPORT,E-2020,Fixture Employee 020,PAYROLL_REGISTER,2026-06-01,2026-06-30,2026-07-05,160,0,3520,OUTSIDE,OTHER_EMPLOYEE,false,true,true,
OUT-EMP-020-WS,bulk-payroll-export-2026-06.csv,2,SYNTHETIC_BULK_PAYROLL_EXPORT,E-2020,Fixture Employee 020,WAGE_STATEMENT,2026-06-01,2026-06-30,2026-07-05,160,0,3520,OUTSIDE,OTHER_EMPLOYEE,false,true,true,
OUT-EMP-020-TR,bulk-payroll-export-2026-06.csv,3,SYNTHETIC_BULK_PAYROLL_EXPORT,E-2020,Fixture Employee 020,TIME_RECORD,2026-06-01,2026-06-30,2026-07-05,160,0,,OUTSIDE,OTHER_EMPLOYEE,false,true,true,
OUT-EMP-021-PR,bulk-payroll-export-2026-07.csv,1,SYNTHETIC_BULK_PAYROLL_EXPORT,E-2021,Fixture Employee 021,PAYROLL_REGISTER,2026-07-01,2026-07-15,2026-07-15,80,1,1840,OUTSIDE,OTHER_EMPLOYEE,false,true,true,
OUT-EMP-021-WS,bulk-payroll-export-2026-07.csv,2,SYNTHETIC_BULK_PAYROLL_EXPORT,E-2021,Fixture Employee 021,WAGE_STATEMENT,2026-07-01,2026-07-15,2026-07-15,80,1,1840,OUTSIDE,OTHER_EMPLOYEE,false,true,true,
OUT-EMP-021-TR,bulk-payroll-export-2026-07.csv,3,SYNTHETIC_BULK_PAYROLL_EXPORT,E-2021,Fixture Employee 021,TIME_RECORD,2026-07-01,2026-07-15,2026-07-15,80,1,,OUTSIDE,OTHER_EMPLOYEE,false,true,true,
OUT-EMP-022-PR,bulk-payroll-export-2026-01.csv,1,SYNTHETIC_BULK_PAYROLL_EXPORT,E-2022,Fixture Employee 022,PAYROLL_REGISTER,2026-01-01,2026-01-31,2026-02-05,160,2,3840,OUTSIDE,OTHER_EMPLOYEE,false,true,true,
OUT-EMP-022-WS,bulk-payroll-export-2026-01.csv,2,SYNTHETIC_BULK_PAYROLL_EXPORT,E-2022,Fixture Employee 022,WAGE_STATEMENT,2026-01-01,2026-01-31,2026-02-05,160,2,3840,OUTSIDE,OTHER_EMPLOYEE,false,true,true,
OUT-EMP-022-TR,bulk-payroll-export-2026-01.csv,3,SYNTHETIC_BULK_PAYROLL_EXPORT,E-2022,Fixture Employee 022,TIME_RECORD,2026-01-01,2026-01-31,2026-02-05,160,2,,OUTSIDE,OTHER_EMPLOYEE,false,true,true,
OUT-EMP-023-PR,bulk-payroll-export-2026-02.csv,1,SYNTHETIC_BULK_PAYROLL_EXPORT,E-2023,Fixture Employee 023,PAYROLL_REGISTER,2026-02-01,2026-02-28,2026-03-05,160,3,4000,OUTSIDE,OTHER_EMPLOYEE,false,true,true,
OUT-EMP-023-WS,bulk-payroll-export-2026-02.csv,2,SYNTHETIC_BULK_PAYROLL_EXPORT,E-2023,Fixture Employee 023,WAGE_STATEMENT,2026-02-01,2026-02-28,2026-03-05,160,3,4000,OUTSIDE,OTHER_EMPLOYEE,false,true,true,
OUT-EMP-023-TR,bulk-payroll-export-2026-02.csv,3,SYNTHETIC_BULK_PAYROLL_EXPORT,E-2023,Fixture Employee 023,TIME_RECORD,2026-02-01,2026-02-28,2026-03-05,160,3,,OUTSIDE,OTHER_EMPLOYEE,false,true,true,
OUT-EMP-024-PR,bulk-payroll-export-2026-03.csv,1,SYNTHETIC_BULK_PAYROLL_EXPORT,E-2024,Fixture Employee 024,PAYROLL_REGISTER,2026-03-01,2026-03-31,2026-04-05,160,4,2880,OUTSIDE,OTHER_EMPLOYEE,false,true,true,
OUT-EMP-024-WS,bulk-payroll-export-2026-03.csv,2,SYNTHETIC_BULK_PAYROLL_EXPORT,E-2024,Fixture Employee 024,WAGE_STATEMENT,2026-03-01,2026-03-31,2026-04-05,160,4,2880,OUTSIDE,OTHER_EMPLOYEE,false,true,true,
OUT-EMP-024-TR,bulk-payroll-export-2026-03.csv,3,SYNTHETIC_BULK_PAYROLL_EXPORT,E-2024,Fixture Employee 024,TIME_RECORD,2026-03-01,2026-03-31,2026-04-05,160,4,,OUTSIDE,OTHER_EMPLOYEE,false,true,true,
OUT-EMP-025-PR,bulk-payroll-export-2026-04.csv,1,SYNTHETIC_BULK_PAYROLL_EXPORT,E-2025,Fixture Employee 025,PAYROLL_REGISTER,2026-04-01,2026-04-30,2026-05-05,160,0,3040,OUTSIDE,OTHER_EMPLOYEE,false,true,true,
OUT-EMP-025-WS,bulk-payroll-export-2026-04.csv,2,SYNTHETIC_BULK_PAYROLL_EXPORT,E-2025,Fixture Employee 025,WAGE_STATEMENT,2026-04-01,2026-04-30,2026-05-05,160,0,3040,OUTSIDE,OTHER_EMPLOYEE,false,true,true,
OUT-EMP-025-TR,bulk-payroll-export-2026-04.csv,3,SYNTHETIC_BULK_PAYROLL_EXPORT,E-2025,Fixture Employee 025,TIME_RECORD,2026-04-01,2026-04-30,2026-05-05,160,0,,OUTSIDE,OTHER_EMPLOYEE,false,true,true,
OUT-EMP-026-PR,bulk-payroll-export-2026-05.csv,1,SYNTHETIC_BULK_PAYROLL_EXPORT,E-2026,Fixture Employee 026,PAYROLL_REGISTER,2026-05-01,2026-05-31,2026-06-05,160,1,3200,OUTSIDE,OTHER_EMPLOYEE,false,true,true,
OUT-EMP-026-WS,bulk-payroll-export-2026-05.csv,2,SYNTHETIC_BULK_PAYROLL_EXPORT,E-2026,Fixture Employee 026,WAGE_STATEMENT,2026-05-01,2026-05-31,2026-06-05,160,1,3200,OUTSIDE,OTHER_EMPLOYEE,false,true,true,
OUT-EMP-026-TR,bulk-payroll-export-2026-05.csv,3,SYNTHETIC_BULK_PAYROLL_EXPORT,E-2026,Fixture Employee 026,TIME_RECORD,2026-05-01,2026-05-31,2026-06-05,160,1,,OUTSIDE,OTHER_EMPLOYEE,false,true,true,
OUT-EMP-027-PR,bulk-payroll-export-2026-06.csv,1,SYNTHETIC_BULK_PAYROLL_EXPORT,E-2027,Fixture Employee 027,PAYROLL_REGISTER,2026-06-01,2026-06-30,2026-07-05,160,2,3360,OUTSIDE,OTHER_EMPLOYEE,false,true,true,
OUT-EMP-027-WS,bulk-payroll-export-2026-06.csv,2,SYNTHETIC_BULK_PAYROLL_EXPORT,E-2027,Fixture Employee 027,WAGE_STATEMENT,2026-06-01,2026-06-30,2026-07-05,160,2,3360,OUTSIDE,OTHER_EMPLOYEE,false,true,true,
OUT-EMP-027-TR,bulk-payroll-export-2026-06.csv,3,SYNTHETIC_BULK_PAYROLL_EXPORT,E-2027,Fixture Employee 027,TIME_RECORD,2026-06-01,2026-06-30,2026-07-05,160,2,,OUTSIDE,OTHER_EMPLOYEE,false,true,true,
OUT-EMP-028-PR,bulk-payroll-export-2026-07.csv,1,SYNTHETIC_BULK_PAYROLL_EXPORT,E-2028,Fixture Employee 028,PAYROLL_REGISTER,2026-07-01,2026-07-15,2026-07-15,80,3,1760,OUTSIDE,OTHER_EMPLOYEE,false,true,true,
OUT-EMP-028-WS,bulk-payroll-export-2026-07.csv,2,SYNTHETIC_BULK_PAYROLL_EXPORT,E-2028,Fixture Employee 028,WAGE_STATEMENT,2026-07-01,2026-07-15,2026-07-15,80,3,1760,OUTSIDE,OTHER_EMPLOYEE,false,true,true,
OUT-EMP-028-TR,bulk-payroll-export-2026-07.csv,3,SYNTHETIC_BULK_PAYROLL_EXPORT,E-2028,Fixture Employee 028,TIME_RECORD,2026-07-01,2026-07-15,2026-07-15,80,3,,OUTSIDE,OTHER_EMPLOYEE,false,true,true,
OUT-EMP-029-PR,bulk-payroll-export-2026-01.csv,1,SYNTHETIC_BULK_PAYROLL_EXPORT,E-2029,Fixture Employee 029,PAYROLL_REGISTER,2026-01-01,2026-01-31,2026-02-05,160,4,3680,OUTSIDE,OTHER_EMPLOYEE,false,true,true,
OUT-EMP-029-WS,bulk-payroll-export-2026-01.csv,2,SYNTHETIC_BULK_PAYROLL_EXPORT,E-2029,Fixture Employee 029,WAGE_STATEMENT,2026-01-01,2026-01-31,2026-02-05,160,4,3680,OUTSIDE,OTHER_EMPLOYEE,false,true,true,
OUT-EMP-029-TR,bulk-payroll-export-2026-01.csv,3,SYNTHETIC_BULK_PAYROLL_EXPORT,E-2029,Fixture Employee 029,TIME_RECORD,2026-01-01,2026-01-31,2026-02-05,160,4,,OUTSIDE,OTHER_EMPLOYEE,false,true,true,
OUT-EMP-030-PR,bulk-payroll-export-2026-02.csv,1,SYNTHETIC_BULK_PAYROLL_EXPORT,E-2030,Fixture Employee 030,PAYROLL_REGISTER,2026-02-01,2026-02-28,2026-03-05,160,0,3840,OUTSIDE,OTHER_EMPLOYEE,false,true,true,
OUT-EMP-030-WS,bulk-payroll-export-2026-02.csv,2,SYNTHETIC_BULK_PAYROLL_EXPORT,E-2030,Fixture Employee 030,WAGE_STATEMENT,2026-02-01,2026-02-28,2026-03-05,160,0,3840,OUTSIDE,OTHER_EMPLOYEE,false,true,true,
OUT-EMP-030-TR,bulk-payroll-export-2026-02.csv,3,SYNTHETIC_BULK_PAYROLL_EXPORT,E-2030,Fixture Employee 030,TIME_RECORD,2026-02-01,2026-02-28,2026-03-05,160,0,,OUTSIDE,OTHER_EMPLOYEE,false,true,true,
OUT-EMP-031-PR,bulk-payroll-export-2026-03.csv,1,SYNTHETIC_BULK_PAYROLL_EXPORT,E-2031,Fixture Employee 031,PAYROLL_REGISTER,2026-03-01,2026-03-31,2026-04-05,160,1,4000,OUTSIDE,OTHER_EMPLOYEE,false,true,true,
OUT-EMP-031-WS,bulk-payroll-export-2026-03.csv,2,SYNTHETIC_BULK_PAYROLL_EXPORT,E-2031,Fixture Employee 031,WAGE_STATEMENT,2026-03-01,2026-03-31,2026-04-05,160,1,4000,OUTSIDE,OTHER_EMPLOYEE,false,true,true,
OUT-EMP-031-TR,bulk-payroll-export-2026-03.csv,3,SYNTHETIC_BULK_PAYROLL_EXPORT,E-2031,Fixture Employee 031,TIME_RECORD,2026-03-01,2026-03-31,2026-04-05,160,1,,OUTSIDE,OTHER_EMPLOYEE,false,true,true,
OUT-EMP-032-PR,bulk-payroll-export-2026-04.csv,1,SYNTHETIC_BULK_PAYROLL_EXPORT,E-2032,Fixture Employee 032,PAYROLL_REGISTER,2026-04-01,2026-04-30,2026-05-05,160,2,2880,OUTSIDE,OTHER_EMPLOYEE,false,true,true,
OUT-EMP-032-WS,bulk-payroll-export-2026-04.csv,2,SYNTHETIC_BULK_PAYROLL_EXPORT,E-2032,Fixture Employee 032,WAGE_STATEMENT,2026-04-01,2026-04-30,2026-05-05,160,2,2880,OUTSIDE,OTHER_EMPLOYEE,false,true,true,
OUT-EMP-032-TR,bulk-payroll-export-2026-04.csv,3,SYNTHETIC_BULK_PAYROLL_EXPORT,E-2032,Fixture Employee 032,TIME_RECORD,2026-04-01,2026-04-30,2026-05-05,160,2,,OUTSIDE,OTHER_EMPLOYEE,false,true,true,
OUT-EMP-033-PR,bulk-payroll-export-2026-05.csv,1,SYNTHETIC_BULK_PAYROLL_EXPORT,E-2033,Fixture Employee 033,PAYROLL_REGISTER,2026-05-01,2026-05-31,2026-06-05,160,3,3040,OUTSIDE,OTHER_EMPLOYEE,false,true,true,
OUT-EMP-033-WS,bulk-payroll-export-2026-05.csv,2,SYNTHETIC_BULK_PAYROLL_EXPORT,E-2033,Fixture Employee 033,WAGE_STATEMENT,2026-05-01,2026-05-31,2026-06-05,160,3,3040,OUTSIDE,OTHER_EMPLOYEE,false,true,true,
OUT-EMP-033-TR,bulk-payroll-export-2026-05.csv,3,SYNTHETIC_BULK_PAYROLL_EXPORT,E-2033,Fixture Employee 033,TIME_RECORD,2026-05-01,2026-05-31,2026-06-05,160,3,,OUTSIDE,OTHER_EMPLOYEE,false,true,true,
OUT-EMP-034-PR,bulk-payroll-export-2026-06.csv,1,SYNTHETIC_BULK_PAYROLL_EXPORT,E-2034,Fixture Employee 034,PAYROLL_REGISTER,2026-06-01,2026-06-30,2026-07-05,160,4,3200,OUTSIDE,OTHER_EMPLOYEE,false,true,true,
OUT-EMP-034-WS,bulk-payroll-export-2026-06.csv,2,SYNTHETIC_BULK_PAYROLL_EXPORT,E-2034,Fixture Employee 034,WAGE_STATEMENT,2026-06-01,2026-06-30,2026-07-05,160,4,3200,OUTSIDE,OTHER_EMPLOYEE,false,true,true,
OUT-EMP-034-TR,bulk-payroll-export-2026-06.csv,3,SYNTHETIC_BULK_PAYROLL_EXPORT,E-2034,Fixture Employee 034,TIME_RECORD,2026-06-01,2026-06-30,2026-07-05,160,4,,OUTSIDE,OTHER_EMPLOYEE,false,true,true,
OUT-EMP-035-PR,bulk-payroll-export-2026-07.csv,1,SYNTHETIC_BULK_PAYROLL_EXPORT,E-2035,Fixture Employee 035,PAYROLL_REGISTER,2026-07-01,2026-07-15,2026-07-15,80,0,1680,OUTSIDE,OTHER_EMPLOYEE,false,true,true,
OUT-EMP-035-WS,bulk-payroll-export-2026-07.csv,2,SYNTHETIC_BULK_PAYROLL_EXPORT,E-2035,Fixture Employee 035,WAGE_STATEMENT,2026-07-01,2026-07-15,2026-07-15,80,0,1680,OUTSIDE,OTHER_EMPLOYEE,false,true,true,
OUT-EMP-035-TR,bulk-payroll-export-2026-07.csv,3,SYNTHETIC_BULK_PAYROLL_EXPORT,E-2035,Fixture Employee 035,TIME_RECORD,2026-07-01,2026-07-15,2026-07-15,80,0,,OUTSIDE,OTHER_EMPLOYEE,false,true,true,
OUT-EMP-036-PR,bulk-payroll-export-2026-01.csv,1,SYNTHETIC_BULK_PAYROLL_EXPORT,E-2036,Fixture Employee 036,PAYROLL_REGISTER,2026-01-01,2026-01-31,2026-02-05,160,1,3520,OUTSIDE,OTHER_EMPLOYEE,false,true,true,
OUT-EMP-036-WS,bulk-payroll-export-2026-01.csv,2,SYNTHETIC_BULK_PAYROLL_EXPORT,E-2036,Fixture Employee 036,WAGE_STATEMENT,2026-01-01,2026-01-31,2026-02-05,160,1,3520,OUTSIDE,OTHER_EMPLOYEE,false,true,true,
OUT-EMP-036-TR,bulk-payroll-export-2026-01.csv,3,SYNTHETIC_BULK_PAYROLL_EXPORT,E-2036,Fixture Employee 036,TIME_RECORD,2026-01-01,2026-01-31,2026-02-05,160,1,,OUTSIDE,OTHER_EMPLOYEE,false,true,true,
OUT-EMP-037-PR,bulk-payroll-export-2026-02.csv,1,SYNTHETIC_BULK_PAYROLL_EXPORT,E-2037,Fixture Employee 037,PAYROLL_REGISTER,2026-02-01,2026-02-28,2026-03-05,160,2,3680,OUTSIDE,OTHER_EMPLOYEE,false,true,true,
OUT-EMP-037-WS,bulk-payroll-export-2026-02.csv,2,SYNTHETIC_BULK_PAYROLL_EXPORT,E-2037,Fixture Employee 037,WAGE_STATEMENT,2026-02-01,2026-02-28,2026-03-05,160,2,3680,OUTSIDE,OTHER_EMPLOYEE,false,true,true,
OUT-EMP-037-TR,bulk-payroll-export-2026-02.csv,3,SYNTHETIC_BULK_PAYROLL_EXPORT,E-2037,Fixture Employee 037,TIME_RECORD,2026-02-01,2026-02-28,2026-03-05,160,2,,OUTSIDE,OTHER_EMPLOYEE,false,true,true,
OUT-EMP-038-PR,bulk-payroll-export-2026-03.csv,1,SYNTHETIC_BULK_PAYROLL_EXPORT,E-2038,Fixture Employee 038,PAYROLL_REGISTER,2026-03-01,2026-03-31,2026-04-05,160,3,3840,OUTSIDE,OTHER_EMPLOYEE,false,true,true,
OUT-EMP-038-WS,bulk-payroll-export-2026-03.csv,2,SYNTHETIC_BULK_PAYROLL_EXPORT,E-2038,Fixture Employee 038,WAGE_STATEMENT,2026-03-01,2026-03-31,2026-04-05,160,3,3840,OUTSIDE,OTHER_EMPLOYEE,false,true,true,
OUT-EMP-038-TR,bulk-payroll-export-2026-03.csv,3,SYNTHETIC_BULK_PAYROLL_EXPORT,E-2038,Fixture Employee 038,TIME_RECORD,2026-03-01,2026-03-31,2026-04-05,160,3,,OUTSIDE,OTHER_EMPLOYEE,false,true,true,
OUT-EMP-039-PR,bulk-payroll-export-2026-04.csv,1,SYNTHETIC_BULK_PAYROLL_EXPORT,E-2039,Fixture Employee 039,PAYROLL_REGISTER,2026-04-01,2026-04-30,2026-05-05,160,4,4000,OUTSIDE,OTHER_EMPLOYEE,false,true,true,
OUT-EMP-039-WS,bulk-payroll-export-2026-04.csv,2,SYNTHETIC_BULK_PAYROLL_EXPORT,E-2039,Fixture Employee 039,WAGE_STATEMENT,2026-04-01,2026-04-30,2026-05-05,160,4,4000,OUTSIDE,OTHER_EMPLOYEE,false,true,true,
OUT-EMP-039-TR,bulk-payroll-export-2026-04.csv,3,SYNTHETIC_BULK_PAYROLL_EXPORT,E-2039,Fixture Employee 039,TIME_RECORD,2026-04-01,2026-04-30,2026-05-05,160,4,,OUTSIDE,OTHER_EMPLOYEE,false,true,true,
OUT-EMP-040-PR,bulk-payroll-export-2026-05.csv,1,SYNTHETIC_BULK_PAYROLL_EXPORT,E-2040,Fixture Employee 040,PAYROLL_REGISTER,2026-05-01,2026-05-31,2026-06-05,160,0,2880,OUTSIDE,OTHER_EMPLOYEE,false,true,true,
OUT-EMP-040-WS,bulk-payroll-export-2026-05.csv,2,SYNTHETIC_BULK_PAYROLL_EXPORT,E-2040,Fixture Employee 040,WAGE_STATEMENT,2026-05-01,2026-05-31,2026-06-05,160,0,2880,OUTSIDE,OTHER_EMPLOYEE,false,true,true,
OUT-EMP-040-TR,bulk-payroll-export-2026-05.csv,3,SYNTHETIC_BULK_PAYROLL_EXPORT,E-2040,Fixture Employee 040,TIME_RECORD,2026-05-01,2026-05-31,2026-06-05,160,0,,OUTSIDE,OTHER_EMPLOYEE,false,true,true,
OUT-EMP-041-PR,bulk-payroll-export-2026-06.csv,1,SYNTHETIC_BULK_PAYROLL_EXPORT,E-2041,Fixture Employee 041,PAYROLL_REGISTER,2026-06-01,2026-06-30,2026-07-05,160,1,3040,OUTSIDE,OTHER_EMPLOYEE,false,true,true,
OUT-EMP-041-WS,bulk-payroll-export-2026-06.csv,2,SYNTHETIC_BULK_PAYROLL_EXPORT,E-2041,Fixture Employee 041,WAGE_STATEMENT,2026-06-01,2026-06-30,2026-07-05,160,1,3040,OUTSIDE,OTHER_EMPLOYEE,false,true,true,
OUT-EMP-041-TR,bulk-payroll-export-2026-06.csv,3,SYNTHETIC_BULK_PAYROLL_EXPORT,E-2041,Fixture Employee 041,TIME_RECORD,2026-06-01,2026-06-30,2026-07-05,160,1,,OUTSIDE,OTHER_EMPLOYEE,false,true,true,
OUT-EMP-042-PR,bulk-payroll-export-2026-07.csv,1,SYNTHETIC_BULK_PAYROLL_EXPORT,E-2042,Fixture Employee 042,PAYROLL_REGISTER,2026-07-01,2026-07-15,2026-07-15,80,2,1600,OUTSIDE,OTHER_EMPLOYEE,false,true,true,
OUT-EMP-042-WS,bulk-payroll-export-2026-07.csv,2,SYNTHETIC_BULK_PAYROLL_EXPORT,E-2042,Fixture Employee 042,WAGE_STATEMENT,2026-07-01,2026-07-15,2026-07-15,80,2,1600,OUTSIDE,OTHER_EMPLOYEE,false,true,true,
OUT-EMP-042-TR,bulk-payroll-export-2026-07.csv,3,SYNTHETIC_BULK_PAYROLL_EXPORT,E-2042,Fixture Employee 042,TIME_RECORD,2026-07-01,2026-07-15,2026-07-15,80,2,,OUTSIDE,OTHER_EMPLOYEE,false,true,true,
OUT-EMP-043-PR,bulk-payroll-export-2026-01.csv,1,SYNTHETIC_BULK_PAYROLL_EXPORT,E-2043,Fixture Employee 043,PAYROLL_REGISTER,2026-01-01,2026-01-31,2026-02-05,160,3,3360,OUTSIDE,OTHER_EMPLOYEE,false,true,true,
OUT-EMP-043-WS,bulk-payroll-export-2026-01.csv,2,SYNTHETIC_BULK_PAYROLL_EXPORT,E-2043,Fixture Employee 043,WAGE_STATEMENT,2026-01-01,2026-01-31,2026-02-05,160,3,3360,OUTSIDE,OTHER_EMPLOYEE,false,true,true,
OUT-EMP-043-TR,bulk-payroll-export-2026-01.csv,3,SYNTHETIC_BULK_PAYROLL_EXPORT,E-2043,Fixture Employee 043,TIME_RECORD,2026-01-01,2026-01-31,2026-02-05,160,3,,OUTSIDE,OTHER_EMPLOYEE,false,true,true,
OUT-EMP-044-PR,bulk-payroll-export-2026-02.csv,1,SYNTHETIC_BULK_PAYROLL_EXPORT,E-2044,Fixture Employee 044,PAYROLL_REGISTER,2026-02-01,2026-02-28,2026-03-05,160,4,3520,OUTSIDE,OTHER_EMPLOYEE,false,true,true,
OUT-EMP-044-WS,bulk-payroll-export-2026-02.csv,2,SYNTHETIC_BULK_PAYROLL_EXPORT,E-2044,Fixture Employee 044,WAGE_STATEMENT,2026-02-01,2026-02-28,2026-03-05,160,4,3520,OUTSIDE,OTHER_EMPLOYEE,false,true,true,
OUT-EMP-044-TR,bulk-payroll-export-2026-02.csv,3,SYNTHETIC_BULK_PAYROLL_EXPORT,E-2044,Fixture Employee 044,TIME_RECORD,2026-02-01,2026-02-28,2026-03-05,160,4,,OUTSIDE,OTHER_EMPLOYEE,false,true,true,
OUT-EMP-045-PR,bulk-payroll-export-2026-03.csv,1,SYNTHETIC_BULK_PAYROLL_EXPORT,E-2045,Fixture Employee 045,PAYROLL_REGISTER,2026-03-01,2026-03-31,2026-04-05,160,0,3680,OUTSIDE,OTHER_EMPLOYEE,false,true,true,
OUT-EMP-045-WS,bulk-payroll-export-2026-03.csv,2,SYNTHETIC_BULK_PAYROLL_EXPORT,E-2045,Fixture Employee 045,WAGE_STATEMENT,2026-03-01,2026-03-31,2026-04-05,160,0,3680,OUTSIDE,OTHER_EMPLOYEE,false,true,true,
OUT-EMP-045-TR,bulk-payroll-export-2026-03.csv,3,SYNTHETIC_BULK_PAYROLL_EXPORT,E-2045,Fixture Employee 045,TIME_RECORD,2026-03-01,2026-03-31,2026-04-05,160,0,,OUTSIDE,OTHER_EMPLOYEE,false,true,true,
OUT-EMP-046-PR,bulk-payroll-export-2026-04.csv,1,SYNTHETIC_BULK_PAYROLL_EXPORT,E-2046,Fixture Employee 046,PAYROLL_REGISTER,2026-04-01,2026-04-30,2026-05-05,160,1,3840,OUTSIDE,OTHER_EMPLOYEE,false,true,true,
OUT-EMP-046-WS,bulk-payroll-export-2026-04.csv,2,SYNTHETIC_BULK_PAYROLL_EXPORT,E-2046,Fixture Employee 046,WAGE_STATEMENT,2026-04-01,2026-04-30,2026-05-05,160,1,3840,OUTSIDE,OTHER_EMPLOYEE,false,true,true,
OUT-EMP-046-TR,bulk-payroll-export-2026-04.csv,3,SYNTHETIC_BULK_PAYROLL_EXPORT,E-2046,Fixture Employee 046,TIME_RECORD,2026-04-01,2026-04-30,2026-05-05,160,1,,OUTSIDE,OTHER_EMPLOYEE,false,true,true,
OUT-EMP-047-PR,bulk-payroll-export-2026-05.csv,1,SYNTHETIC_BULK_PAYROLL_EXPORT,E-2047,Fixture Employee 047,PAYROLL_REGISTER,2026-05-01,2026-05-31,2026-06-05,160,2,4000,OUTSIDE,OTHER_EMPLOYEE,false,true,true,
OUT-EMP-047-WS,bulk-payroll-export-2026-05.csv,2,SYNTHETIC_BULK_PAYROLL_EXPORT,E-2047,Fixture Employee 047,WAGE_STATEMENT,2026-05-01,2026-05-31,2026-06-05,160,2,4000,OUTSIDE,OTHER_EMPLOYEE,false,true,true,
OUT-EMP-047-TR,bulk-payroll-export-2026-05.csv,3,SYNTHETIC_BULK_PAYROLL_EXPORT,E-2047,Fixture Employee 047,TIME_RECORD,2026-05-01,2026-05-31,2026-06-05,160,2,,OUTSIDE,OTHER_EMPLOYEE,false,true,true,
OUT-EMP-048-PR,bulk-payroll-export-2026-06.csv,1,SYNTHETIC_BULK_PAYROLL_EXPORT,E-2048,Fixture Employee 048,PAYROLL_REGISTER,2026-06-01,2026-06-30,2026-07-05,160,3,2880,OUTSIDE,OTHER_EMPLOYEE,false,true,true,
OUT-EMP-048-WS,bulk-payroll-export-2026-06.csv,2,SYNTHETIC_BULK_PAYROLL_EXPORT,E-2048,Fixture Employee 048,WAGE_STATEMENT,2026-06-01,2026-06-30,2026-07-05,160,3,2880,OUTSIDE,OTHER_EMPLOYEE,false,true,true,
OUT-EMP-048-TR,bulk-payroll-export-2026-06.csv,3,SYNTHETIC_BULK_PAYROLL_EXPORT,E-2048,Fixture Employee 048,TIME_RECORD,2026-06-01,2026-06-30,2026-07-05,160,3,,OUTSIDE,OTHER_EMPLOYEE,false,true,true,
OUT-EMP-049-PR,bulk-payroll-export-2026-07.csv,1,SYNTHETIC_BULK_PAYROLL_EXPORT,E-2049,Fixture Employee 049,PAYROLL_REGISTER,2026-07-01,2026-07-15,2026-07-15,80,4,1520,OUTSIDE,OTHER_EMPLOYEE,false,true,true,
OUT-EMP-049-WS,bulk-payroll-export-2026-07.csv,2,SYNTHETIC_BULK_PAYROLL_EXPORT,E-2049,Fixture Employee 049,WAGE_STATEMENT,2026-07-01,2026-07-15,2026-07-15,80,4,1520,OUTSIDE,OTHER_EMPLOYEE,false,true,true,
OUT-EMP-049-TR,bulk-payroll-export-2026-07.csv,3,SYNTHETIC_BULK_PAYROLL_EXPORT,E-2049,Fixture Employee 049,TIME_RECORD,2026-07-01,2026-07-15,2026-07-15,80,4,,OUTSIDE,OTHER_EMPLOYEE,false,true,true,
OUT-EMP-050-PR,bulk-payroll-export-2026-01.csv,1,SYNTHETIC_BULK_PAYROLL_EXPORT,E-2050,Fixture Employee 050,PAYROLL_REGISTER,2026-01-01,2026-01-31,2026-02-05,160,0,3200,OUTSIDE,OTHER_EMPLOYEE,false,true,true,
OUT-EMP-050-WS,bulk-payroll-export-2026-01.csv,2,SYNTHETIC_BULK_PAYROLL_EXPORT,E-2050,Fixture Employee 050,WAGE_STATEMENT,2026-01-01,2026-01-31,2026-02-05,160,0,3200,OUTSIDE,OTHER_EMPLOYEE,false,true,true,
OUT-EMP-050-TR,bulk-payroll-export-2026-01.csv,3,SYNTHETIC_BULK_PAYROLL_EXPORT,E-2050,Fixture Employee 050,TIME_RECORD,2026-01-01,2026-01-31,2026-02-05,160,0,,OUTSIDE,OTHER_EMPLOYEE,false,true,true,
OUT-EMP-051-PR,bulk-payroll-export-2026-02.csv,1,SYNTHETIC_BULK_PAYROLL_EXPORT,E-2051,Fixture Employee 051,PAYROLL_REGISTER,2026-02-01,2026-02-28,2026-03-05,160,1,3360,OUTSIDE,OTHER_EMPLOYEE,false,true,true,
OUT-EMP-051-WS,bulk-payroll-export-2026-02.csv,2,SYNTHETIC_BULK_PAYROLL_EXPORT,E-2051,Fixture Employee 051,WAGE_STATEMENT,2026-02-01,2026-02-28,2026-03-05,160,1,3360,OUTSIDE,OTHER_EMPLOYEE,false,true,true,
OUT-EMP-051-TR,bulk-payroll-export-2026-02.csv,3,SYNTHETIC_BULK_PAYROLL_EXPORT,E-2051,Fixture Employee 051,TIME_RECORD,2026-02-01,2026-02-28,2026-03-05,160,1,,OUTSIDE,OTHER_EMPLOYEE,false,true,true,
OUT-EMP-052-PR,bulk-payroll-export-2026-03.csv,1,SYNTHETIC_BULK_PAYROLL_EXPORT,E-2052,Fixture Employee 052,PAYROLL_REGISTER,2026-03-01,2026-03-31,2026-04-05,160,2,3520,OUTSIDE,OTHER_EMPLOYEE,false,true,true,
OUT-EMP-052-WS,bulk-payroll-export-2026-03.csv,2,SYNTHETIC_BULK_PAYROLL_EXPORT,E-2052,Fixture Employee 052,WAGE_STATEMENT,2026-03-01,2026-03-31,2026-04-05,160,2,3520,OUTSIDE,OTHER_EMPLOYEE,false,true,true,
OUT-EMP-052-TR,bulk-payroll-export-2026-03.csv,3,SYNTHETIC_BULK_PAYROLL_EXPORT,E-2052,Fixture Employee 052,TIME_RECORD,2026-03-01,2026-03-31,2026-04-05,160,2,,OUTSIDE,OTHER_EMPLOYEE,false,true,true,
OUT-EMP-053-PR,bulk-payroll-export-2026-04.csv,1,SYNTHETIC_BULK_PAYROLL_EXPORT,E-2053,Fixture Employee 053,PAYROLL_REGISTER,2026-04-01,2026-04-30,2026-05-05,160,3,3680,OUTSIDE,OTHER_EMPLOYEE,false,true,true,
OUT-EMP-053-WS,bulk-payroll-export-2026-04.csv,2,SYNTHETIC_BULK_PAYROLL_EXPORT,E-2053,Fixture Employee 053,WAGE_STATEMENT,2026-04-01,2026-04-30,2026-05-05,160,3,3680,OUTSIDE,OTHER_EMPLOYEE,false,true,true,
OUT-EMP-053-TR,bulk-payroll-export-2026-04.csv,3,SYNTHETIC_BULK_PAYROLL_EXPORT,E-2053,Fixture Employee 053,TIME_RECORD,2026-04-01,2026-04-30,2026-05-05,160,3,,OUTSIDE,OTHER_EMPLOYEE,false,true,true,
OUT-EMP-054-PR,bulk-payroll-export-2026-05.csv,1,SYNTHETIC_BULK_PAYROLL_EXPORT,E-2054,Fixture Employee 054,PAYROLL_REGISTER,2026-05-01,2026-05-31,2026-06-05,160,4,3840,OUTSIDE,OTHER_EMPLOYEE,false,true,true,
OUT-EMP-054-WS,bulk-payroll-export-2026-05.csv,2,SYNTHETIC_BULK_PAYROLL_EXPORT,E-2054,Fixture Employee 054,WAGE_STATEMENT,2026-05-01,2026-05-31,2026-06-05,160,4,3840,OUTSIDE,OTHER_EMPLOYEE,false,true,true,
OUT-EMP-054-TR,bulk-payroll-export-2026-05.csv,3,SYNTHETIC_BULK_PAYROLL_EXPORT,E-2054,Fixture Employee 054,TIME_RECORD,2026-05-01,2026-05-31,2026-06-05,160,4,,OUTSIDE,OTHER_EMPLOYEE,false,true,true,
OUT-EMP-055-PR,bulk-payroll-export-2026-06.csv,1,SYNTHETIC_BULK_PAYROLL_EXPORT,E-2055,Fixture Employee 055,PAYROLL_REGISTER,2026-06-01,2026-06-30,2026-07-05,160,0,4000,OUTSIDE,OTHER_EMPLOYEE,false,true,true,
OUT-EMP-055-WS,bulk-payroll-export-2026-06.csv,2,SYNTHETIC_BULK_PAYROLL_EXPORT,E-2055,Fixture Employee 055,WAGE_STATEMENT,2026-06-01,2026-06-30,2026-07-05,160,0,4000,OUTSIDE,OTHER_EMPLOYEE,false,true,true,
OUT-EMP-055-TR,bulk-payroll-export-2026-06.csv,3,SYNTHETIC_BULK_PAYROLL_EXPORT,E-2055,Fixture Employee 055,TIME_RECORD,2026-06-01,2026-06-30,2026-07-05,160,0,,OUTSIDE,OTHER_EMPLOYEE,false,true,true,
OUT-EMP-056-PR,bulk-payroll-export-2026-07.csv,1,SYNTHETIC_BULK_PAYROLL_EXPORT,E-2056,Fixture Employee 056,PAYROLL_REGISTER,2026-07-01,2026-07-15,2026-07-15,80,1,1440,OUTSIDE,OTHER_EMPLOYEE,false,true,true,
OUT-EMP-056-WS,bulk-payroll-export-2026-07.csv,2,SYNTHETIC_BULK_PAYROLL_EXPORT,E-2056,Fixture Employee 056,WAGE_STATEMENT,2026-07-01,2026-07-15,2026-07-15,80,1,1440,OUTSIDE,OTHER_EMPLOYEE,false,true,true,
OUT-EMP-056-TR,bulk-payroll-export-2026-07.csv,3,SYNTHETIC_BULK_PAYROLL_EXPORT,E-2056,Fixture Employee 056,TIME_RECORD,2026-07-01,2026-07-15,2026-07-15,80,1,,OUTSIDE,OTHER_EMPLOYEE,false,true,true,
OUT-EMP-057-PR,bulk-payroll-export-2026-01.csv,1,SYNTHETIC_BULK_PAYROLL_EXPORT,E-2057,Fixture Employee 057,PAYROLL_REGISTER,2026-01-01,2026-01-31,2026-02-05,160,2,3040,OUTSIDE,OTHER_EMPLOYEE,false,true,true,
OUT-EMP-057-WS,bulk-payroll-export-2026-01.csv,2,SYNTHETIC_BULK_PAYROLL_EXPORT,E-2057,Fixture Employee 057,WAGE_STATEMENT,2026-01-01,2026-01-31,2026-02-05,160,2,3040,OUTSIDE,OTHER_EMPLOYEE,false,true,true,
OUT-EMP-057-TR,bulk-payroll-export-2026-01.csv,3,SYNTHETIC_BULK_PAYROLL_EXPORT,E-2057,Fixture Employee 057,TIME_RECORD,2026-01-01,2026-01-31,2026-02-05,160,2,,OUTSIDE,OTHER_EMPLOYEE,false,true,true,
OUT-EMP-058-PR,bulk-payroll-export-2026-02.csv,1,SYNTHETIC_BULK_PAYROLL_EXPORT,E-2058,Fixture Employee 058,PAYROLL_REGISTER,2026-02-01,2026-02-28,2026-03-05,160,3,3200,OUTSIDE,OTHER_EMPLOYEE,false,true,true,
OUT-EMP-058-WS,bulk-payroll-export-2026-02.csv,2,SYNTHETIC_BULK_PAYROLL_EXPORT,E-2058,Fixture Employee 058,WAGE_STATEMENT,2026-02-01,2026-02-28,2026-03-05,160,3,3200,OUTSIDE,OTHER_EMPLOYEE,false,true,true,
OUT-EMP-058-TR,bulk-payroll-export-2026-02.csv,3,SYNTHETIC_BULK_PAYROLL_EXPORT,E-2058,Fixture Employee 058,TIME_RECORD,2026-02-01,2026-02-28,2026-03-05,160,3,,OUTSIDE,OTHER_EMPLOYEE,false,true,true,
OUT-EMP-059-PR,bulk-payroll-export-2026-03.csv,1,SYNTHETIC_BULK_PAYROLL_EXPORT,E-2059,Fixture Employee 059,PAYROLL_REGISTER,2026-03-01,2026-03-31,2026-04-05,160,4,3360,OUTSIDE,OTHER_EMPLOYEE,false,true,true,
OUT-EMP-059-WS,bulk-payroll-export-2026-03.csv,2,SYNTHETIC_BULK_PAYROLL_EXPORT,E-2059,Fixture Employee 059,WAGE_STATEMENT,2026-03-01,2026-03-31,2026-04-05,160,4,3360,OUTSIDE,OTHER_EMPLOYEE,false,true,true,
OUT-EMP-059-TR,bulk-payroll-export-2026-03.csv,3,SYNTHETIC_BULK_PAYROLL_EXPORT,E-2059,Fixture Employee 059,TIME_RECORD,2026-03-01,2026-03-31,2026-04-05,160,4,,OUTSIDE,OTHER_EMPLOYEE,false,true,true,
OUT-EMP-060-PR,bulk-payroll-export-2026-04.csv,1,SYNTHETIC_BULK_PAYROLL_EXPORT,E-2060,Fixture Employee 060,PAYROLL_REGISTER,2026-04-01,2026-04-30,2026-05-05,160,0,3520,OUTSIDE,OTHER_EMPLOYEE,false,true,true,
OUT-EMP-060-WS,bulk-payroll-export-2026-04.csv,2,SYNTHETIC_BULK_PAYROLL_EXPORT,E-2060,Fixture Employee 060,WAGE_STATEMENT,2026-04-01,2026-04-30,2026-05-05,160,0,3520,OUTSIDE,OTHER_EMPLOYEE,false,true,true,
OUT-EMP-060-TR,bulk-payroll-export-2026-04.csv,3,SYNTHETIC_BULK_PAYROLL_EXPORT,E-2060,Fixture Employee 060,TIME_RECORD,2026-04-01,2026-04-30,2026-05-05,160,0,,OUTSIDE,OTHER_EMPLOYEE,false,true,true,
OUT-DATE-001-PR,archive-2025-11-pr.csv,1,SYNTHETIC_ARCHIVE_EXPORT,E-1042,Audrea Barnes,PAYROLL_REGISTER,2025-11-01,2025-11-30,2025-11-30,160,1,3523,OUTSIDE,OUTSIDE_DATE_RANGE,true,true,false,
OUT-DATE-002-WS,archive-2025-12-ws.csv,1,SYNTHETIC_ARCHIVE_EXPORT,E-1042,Audrea Barnes,WAGE_STATEMENT,2025-12-01,2025-12-31,2025-12-31,160,2,3526,OUTSIDE,OUTSIDE_DATE_RANGE,true,true,false,
OUT-DATE-003-TR,archive-2025-11-tr.csv,1,SYNTHETIC_ARCHIVE_EXPORT,E-1042,Audrea Barnes,TIME_RECORD,2025-11-01,2025-11-30,2025-11-30,160,3,,OUTSIDE,OUTSIDE_DATE_RANGE,true,true,false,
OUT-DATE-004-PR,archive-2025-12-pr.csv,1,SYNTHETIC_ARCHIVE_EXPORT,E-1042,Audrea Barnes,PAYROLL_REGISTER,2025-12-01,2025-12-31,2025-12-31,160,0,3532,OUTSIDE,OUTSIDE_DATE_RANGE,true,true,false,
OUT-DATE-005-WS,archive-2025-11-ws.csv,1,SYNTHETIC_ARCHIVE_EXPORT,E-1042,Audrea Barnes,WAGE_STATEMENT,2025-11-01,2025-11-30,2025-11-30,160,1,3535,OUTSIDE,OUTSIDE_DATE_RANGE,true,true,false,
OUT-DATE-006-TR,archive-2025-12-tr.csv,1,SYNTHETIC_ARCHIVE_EXPORT,E-1042,Audrea Barnes,TIME_RECORD,2025-12-01,2025-12-31,2025-12-31,160,2,,OUTSIDE,OUTSIDE_DATE_RANGE,true,true,false,
OUT-DATE-007-PR,archive-2025-11-pr.csv,1,SYNTHETIC_ARCHIVE_EXPORT,E-1042,Audrea Barnes,PAYROLL_REGISTER,2025-11-01,2025-11-30,2025-11-30,160,3,3541,OUTSIDE,OUTSIDE_DATE_RANGE,true,true,false,
OUT-DATE-008-WS,archive-2025-12-ws.csv,1,SYNTHETIC_ARCHIVE_EXPORT,E-1042,Audrea Barnes,WAGE_STATEMENT,2025-12-01,2025-12-31,2025-12-31,160,0,3544,OUTSIDE,OUTSIDE_DATE_RANGE,true,true,false,
OUT-DATE-009-TR,archive-2025-11-tr.csv,1,SYNTHETIC_ARCHIVE_EXPORT,E-1042,Audrea Barnes,TIME_RECORD,2025-11-01,2025-11-30,2025-11-30,160,1,,OUTSIDE,OUTSIDE_DATE_RANGE,true,true,false,
OUT-DATE-010-PR,archive-2025-12-pr.csv,1,SYNTHETIC_ARCHIVE_EXPORT,E-1042,Audrea Barnes,PAYROLL_REGISTER,2025-12-01,2025-12-31,2025-12-31,160,2,3550,OUTSIDE,OUTSIDE_DATE_RANGE,true,true,false,
OUT-DATE-011-WS,archive-2025-11-ws.csv,1,SYNTHETIC_ARCHIVE_EXPORT,E-1042,Audrea Barnes,WAGE_STATEMENT,2025-11-01,2025-11-30,2025-11-30,160,3,3553,OUTSIDE,OUTSIDE_DATE_RANGE,true,true,false,
OUT-DATE-012-TR,archive-2025-12-tr.csv,1,SYNTHETIC_ARCHIVE_EXPORT,E-1042,Audrea Barnes,TIME_RECORD,2025-12-01,2025-12-31,2025-12-31,160,0,,OUTSIDE,OUTSIDE_DATE_RANGE,true,true,false,
OUT-DATE-013-PR,archive-2025-11-pr.csv,1,SYNTHETIC_ARCHIVE_EXPORT,E-1042,Audrea Barnes,PAYROLL_REGISTER,2025-11-01,2025-11-30,2025-11-30,160,1,3559,OUTSIDE,OUTSIDE_DATE_RANGE,true,true,false,
OUT-DATE-014-WS,archive-2025-12-ws.csv,1,SYNTHETIC_ARCHIVE_EXPORT,E-1042,Audrea Barnes,WAGE_STATEMENT,2025-12-01,2025-12-31,2025-12-31,160,2,3562,OUTSIDE,OUTSIDE_DATE_RANGE,true,true,false,
OUT-DATE-015-TR,archive-2025-11-tr.csv,1,SYNTHETIC_ARCHIVE_EXPORT,E-1042,Audrea Barnes,TIME_RECORD,2025-11-01,2025-11-30,2025-11-30,160,3,,OUTSIDE,OUTSIDE_DATE_RANGE,true,true,false,
OUT-DATE-016-PR,archive-2025-12-pr.csv,1,SYNTHETIC_ARCHIVE_EXPORT,E-1042,Audrea Barnes,PAYROLL_REGISTER,2025-12-01,2025-12-31,2025-12-31,160,0,3568,OUTSIDE,OUTSIDE_DATE_RANGE,true,true,false,
OUT-DATE-017-WS,archive-2025-11-ws.csv,1,SYNTHETIC_ARCHIVE_EXPORT,E-1042,Audrea Barnes,WAGE_STATEMENT,2025-11-01,2025-11-30,2025-11-30,160,1,3571,OUTSIDE,OUTSIDE_DATE_RANGE,true,true,false,
OUT-DATE-018-TR,archive-2025-12-tr.csv,1,SYNTHETIC_ARCHIVE_EXPORT,E-1042,Audrea Barnes,TIME_RECORD,2025-12-01,2025-12-31,2025-12-31,160,2,,OUTSIDE,OUTSIDE_DATE_RANGE,true,true,false,
OUT-DATE-019-PR,archive-2025-11-pr.csv,1,SYNTHETIC_ARCHIVE_EXPORT,E-1042,Audrea Barnes,PAYROLL_REGISTER,2025-11-01,2025-11-30,2025-11-30,160,3,3577,OUTSIDE,OUTSIDE_DATE_RANGE,true,true,false,
OUT-DATE-020-WS,archive-2025-12-ws.csv,1,SYNTHETIC_ARCHIVE_EXPORT,E-1042,Audrea Barnes,WAGE_STATEMENT,2025-12-01,2025-12-31,2025-12-31,160,0,3580,OUTSIDE,OUTSIDE_DATE_RANGE,true,true,false,
OUT-DATE-021-TR,archive-2026-08-tr.csv,1,SYNTHETIC_ARCHIVE_EXPORT,E-1042,Audrea Barnes,TIME_RECORD,2026-08-01,2026-08-31,2026-08-31,160,1,,OUTSIDE,OUTSIDE_DATE_RANGE,true,true,false,
OUT-DATE-022-PR,archive-2026-09-pr.csv,1,SYNTHETIC_ARCHIVE_EXPORT,E-1042,Audrea Barnes,PAYROLL_REGISTER,2026-09-01,2026-09-30,2026-09-30,160,2,3586,OUTSIDE,OUTSIDE_DATE_RANGE,true,true,false,
OUT-DATE-023-WS,archive-2026-08-ws.csv,1,SYNTHETIC_ARCHIVE_EXPORT,E-1042,Audrea Barnes,WAGE_STATEMENT,2026-08-01,2026-08-31,2026-08-31,160,3,3589,OUTSIDE,OUTSIDE_DATE_RANGE,true,true,false,
OUT-DATE-024-TR,archive-2026-09-tr.csv,1,SYNTHETIC_ARCHIVE_EXPORT,E-1042,Audrea Barnes,TIME_RECORD,2026-09-01,2026-09-30,2026-09-30,160,0,,OUTSIDE,OUTSIDE_DATE_RANGE,true,true,false,
OUT-DATE-025-PR,archive-2026-08-pr.csv,1,SYNTHETIC_ARCHIVE_EXPORT,E-1042,Audrea Barnes,PAYROLL_REGISTER,2026-08-01,2026-08-31,2026-08-31,160,1,3595,OUTSIDE,OUTSIDE_DATE_RANGE,true,true,false,
OUT-DATE-026-WS,archive-2026-09-ws.csv,1,SYNTHETIC_ARCHIVE_EXPORT,E-1042,Audrea Barnes,WAGE_STATEMENT,2026-09-01,2026-09-30,2026-09-30,160,2,3598,OUTSIDE,OUTSIDE_DATE_RANGE,true,true,false,
OUT-DATE-027-TR,archive-2026-08-tr.csv,1,SYNTHETIC_ARCHIVE_EXPORT,E-1042,Audrea Barnes,TIME_RECORD,2026-08-01,2026-08-31,2026-08-31,160,3,,OUTSIDE,OUTSIDE_DATE_RANGE,true,true,false,
OUT-DATE-028-PR,archive-2026-09-pr.csv,1,SYNTHETIC_ARCHIVE_EXPORT,E-1042,Audrea Barnes,PAYROLL_REGISTER,2026-09-01,2026-09-30,2026-09-30,160,0,3604,OUTSIDE,OUTSIDE_DATE_RANGE,true,true,false,
OUT-DATE-029-WS,archive-2026-08-ws.csv,1,SYNTHETIC_ARCHIVE_EXPORT,E-1042,Audrea Barnes,WAGE_STATEMENT,2026-08-01,2026-08-31,2026-08-31,160,1,3607,OUTSIDE,OUTSIDE_DATE_RANGE,true,true,false,
OUT-DATE-030-TR,archive-2026-09-tr.csv,1,SYNTHETIC_ARCHIVE_EXPORT,E-1042,Audrea Barnes,TIME_RECORD,2026-09-01,2026-09-30,2026-09-30,160,2,,OUTSIDE,OUTSIDE_DATE_RANGE,true,true,false,
OUT-DATE-031-PR,archive-2026-08-pr.csv,1,SYNTHETIC_ARCHIVE_EXPORT,E-1042,Audrea Barnes,PAYROLL_REGISTER,2026-08-01,2026-08-31,2026-08-31,160,3,3613,OUTSIDE,OUTSIDE_DATE_RANGE,true,true,false,
OUT-DATE-032-WS,archive-2026-09-ws.csv,1,SYNTHETIC_ARCHIVE_EXPORT,E-1042,Audrea Barnes,WAGE_STATEMENT,2026-09-01,2026-09-30,2026-09-30,160,0,3616,OUTSIDE,OUTSIDE_DATE_RANGE,true,true,false,
OUT-DATE-033-TR,archive-2026-08-tr.csv,1,SYNTHETIC_ARCHIVE_EXPORT,E-1042,Audrea Barnes,TIME_RECORD,2026-08-01,2026-08-31,2026-08-31,160,1,,OUTSIDE,OUTSIDE_DATE_RANGE,true,true,false,
OUT-DATE-034-PR,archive-2026-09-pr.csv,1,SYNTHETIC_ARCHIVE_EXPORT,E-1042,Audrea Barnes,PAYROLL_REGISTER,2026-09-01,2026-09-30,2026-09-30,160,2,3622,OUTSIDE,OUTSIDE_DATE_RANGE,true,true,false,
OUT-DATE-035-WS,archive-2026-08-ws.csv,1,SYNTHETIC_ARCHIVE_EXPORT,E-1042,Audrea Barnes,WAGE_STATEMENT,2026-08-01,2026-08-31,2026-08-31,160,3,3625,OUTSIDE,OUTSIDE_DATE_RANGE,true,true,false,
OUT-DATE-036-TR,archive-2026-09-tr.csv,1,SYNTHETIC_ARCHIVE_EXPORT,E-1042,Audrea Barnes,TIME_RECORD,2026-09-01,2026-09-30,2026-09-30,160,0,,OUTSIDE,OUTSIDE_DATE_RANGE,true,true,false,
OUT-DATE-037-PR,archive-2026-08-pr.csv,1,SYNTHETIC_ARCHIVE_EXPORT,E-1042,Audrea Barnes,PAYROLL_REGISTER,2026-08-01,2026-08-31,2026-08-31,160,1,3631,OUTSIDE,OUTSIDE_DATE_RANGE,true,true,false,
OUT-DATE-038-WS,archive-2026-09-ws.csv,1,SYNTHETIC_ARCHIVE_EXPORT,E-1042,Audrea Barnes,WAGE_STATEMENT,2026-09-01,2026-09-30,2026-09-30,160,2,3634,OUTSIDE,OUTSIDE_DATE_RANGE,true,true,false,
OUT-DATE-039-TR,archive-2026-08-tr.csv,1,SYNTHETIC_ARCHIVE_EXPORT,E-1042,Audrea Barnes,TIME_RECORD,2026-08-01,2026-08-31,2026-08-31,160,3,,OUTSIDE,OUTSIDE_DATE_RANGE,true,true,false,
OUT-DATE-040-PR,archive-2026-09-pr.csv,1,SYNTHETIC_ARCHIVE_EXPORT,E-1042,Audrea Barnes,PAYROLL_REGISTER,2026-09-01,2026-09-30,2026-09-30,160,0,3640,OUTSIDE,OUTSIDE_DATE_RANGE,true,true,false,
OUT-TYPE-001,unrequested-bank_transaction-001.json,1,SYNTHETIC_HR_MISC_EXPORT,E-1042,Audrea Barnes,BANK_TRANSACTION,2026-01-01,2026-01-31,2026-02-05,,,107.25,OUTSIDE,UNREQUESTED_RECORD_TYPE,true,false,true,
OUT-TYPE-002,unrequested-onboarding_record-002.json,1,SYNTHETIC_HR_MISC_EXPORT,E-1042,Audrea Barnes,ONBOARDING_RECORD,2026-02-01,2026-02-28,2026-03-05,,,,OUTSIDE,UNREQUESTED_RECORD_TYPE,true,false,true,
OUT-TYPE-003,unrequested-benefits_enrollment-003.json,1,SYNTHETIC_HR_MISC_EXPORT,E-1042,Audrea Barnes,BENEFITS_ENROLLMENT,2026-03-01,2026-03-31,2026-04-05,,,,OUTSIDE,UNREQUESTED_RECORD_TYPE,true,false,true,
OUT-TYPE-004,unrequested-tax_form-004.json,1,SYNTHETIC_HR_MISC_EXPORT,E-1042,Audrea Barnes,TAX_FORM,2026-04-01,2026-04-30,2026-05-05,,,,OUTSIDE,UNREQUESTED_RECORD_TYPE,true,false,true,
OUT-TYPE-005,unrequested-performance_review-005.json,1,SYNTHETIC_HR_MISC_EXPORT,E-1042,Audrea Barnes,PERFORMANCE_REVIEW,2026-05-01,2026-05-31,2026-06-05,,,,OUTSIDE,UNREQUESTED_RECORD_TYPE,true,false,true,
OUT-TYPE-006,unrequested-schedule_note-006.json,1,SYNTHETIC_HR_MISC_EXPORT,E-1042,Audrea Barnes,SCHEDULE_NOTE,2026-06-01,2026-06-30,2026-07-05,,,,OUTSIDE,UNREQUESTED_RECORD_TYPE,true,false,true,
OUT-TYPE-007,unrequested-expense_report-007.json,1,SYNTHETIC_HR_MISC_EXPORT,E-1042,Audrea Barnes,EXPENSE_REPORT,2026-07-01,2026-07-15,2026-07-15,,,,OUTSIDE,UNREQUESTED_RECORD_TYPE,true,false,true,
OUT-TYPE-008,unrequested-tip_pool_report-008.json,1,SYNTHETIC_HR_MISC_EXPORT,E-1042,Audrea Barnes,TIP_POOL_REPORT,2026-01-01,2026-01-31,2026-02-05,,,,OUTSIDE,UNREQUESTED_RECORD_TYPE,true,false,true,
OUT-TYPE-009,unrequested-training_certificate-009.json,1,SYNTHETIC_HR_MISC_EXPORT,E-1042,Audrea Barnes,TRAINING_CERTIFICATE,2026-02-01,2026-02-28,2026-03-05,,,,OUTSIDE,UNREQUESTED_RECORD_TYPE,true,false,true,
OUT-TYPE-010,unrequested-bank_transaction-010.json,1,SYNTHETIC_HR_MISC_EXPORT,E-1042,Audrea Barnes,BANK_TRANSACTION,2026-03-01,2026-03-31,2026-04-05,,,172.5,OUTSIDE,UNREQUESTED_RECORD_TYPE,true,false,true,
OUT-TYPE-011,unrequested-onboarding_record-011.json,1,SYNTHETIC_HR_MISC_EXPORT,E-1042,Audrea Barnes,ONBOARDING_RECORD,2026-04-01,2026-04-30,2026-05-05,,,,OUTSIDE,UNREQUESTED_RECORD_TYPE,true,false,true,
OUT-TYPE-012,unrequested-benefits_enrollment-012.json,1,SYNTHETIC_HR_MISC_EXPORT,E-1042,Audrea Barnes,BENEFITS_ENROLLMENT,2026-05-01,2026-05-31,2026-06-05,,,,OUTSIDE,UNREQUESTED_RECORD_TYPE,true,false,true,
OUT-TYPE-013,unrequested-tax_form-013.json,1,SYNTHETIC_HR_MISC_EXPORT,E-1042,Audrea Barnes,TAX_FORM,2026-06-01,2026-06-30,2026-07-05,,,,OUTSIDE,UNREQUESTED_RECORD_TYPE,true,false,true,
OUT-TYPE-014,unrequested-performance_review-014.json,1,SYNTHETIC_HR_MISC_EXPORT,E-1042,Audrea Barnes,PERFORMANCE_REVIEW,2026-07-01,2026-07-15,2026-07-15,,,,OUTSIDE,UNREQUESTED_RECORD_TYPE,true,false,true,
OUT-TYPE-015,unrequested-schedule_note-015.json,1,SYNTHETIC_HR_MISC_EXPORT,E-1042,Audrea Barnes,SCHEDULE_NOTE,2026-01-01,2026-01-31,2026-02-05,,,,OUTSIDE,UNREQUESTED_RECORD_TYPE,true,false,true,
OUT-TYPE-016,unrequested-expense_report-016.json,1,SYNTHETIC_HR_MISC_EXPORT,E-1042,Audrea Barnes,EXPENSE_REPORT,2026-02-01,2026-02-28,2026-03-05,,,,OUTSIDE,UNREQUESTED_RECORD_TYPE,true,false,true,
OUT-TYPE-017,unrequested-tip_pool_report-017.json,1,SYNTHETIC_HR_MISC_EXPORT,E-1042,Audrea Barnes,TIP_POOL_REPORT,2026-03-01,2026-03-31,2026-04-05,,,,OUTSIDE,UNREQUESTED_RECORD_TYPE,true,false,true,
OUT-TYPE-018,unrequested-training_certificate-018.json,1,SYNTHETIC_HR_MISC_EXPORT,E-1042,Audrea Barnes,TRAINING_CERTIFICATE,2026-04-01,2026-04-30,2026-05-05,,,,OUTSIDE,UNREQUESTED_RECORD_TYPE,true,false,true,
OUT-TYPE-019,unrequested-bank_transaction-019.json,1,SYNTHETIC_HR_MISC_EXPORT,E-1042,Audrea Barnes,BANK_TRANSACTION,2026-05-01,2026-05-31,2026-06-05,,,237.75,OUTSIDE,UNREQUESTED_RECORD_TYPE,true,false,true,
OUT-TYPE-020,unrequested-onboarding_record-020.json,1,SYNTHETIC_HR_MISC_EXPORT,E-1042,Audrea Barnes,ONBOARDING_RECORD,2026-06-01,2026-06-30,2026-07-05,,,,OUTSIDE,UNREQUESTED_RECORD_TYPE,true,false,true,
OUT-TYPE-021,unrequested-benefits_enrollment-021.json,1,SYNTHETIC_HR_MISC_EXPORT,E-1042,Audrea Barnes,BENEFITS_ENROLLMENT,2026-07-01,2026-07-15,2026-07-15,,,,OUTSIDE,UNREQUESTED_RECORD_TYPE,true,false,true,
OUT-TYPE-022,unrequested-tax_form-022.json,1,SYNTHETIC_HR_MISC_EXPORT,E-1042,Audrea Barnes,TAX_FORM,2026-01-01,2026-01-31,2026-02-05,,,,OUTSIDE,UNREQUESTED_RECORD_TYPE,true,false,true,
OUT-TYPE-023,unrequested-performance_review-023.json,1,SYNTHETIC_HR_MISC_EXPORT,E-1042,Audrea Barnes,PERFORMANCE_REVIEW,2026-02-01,2026-02-28,2026-03-05,,,,OUTSIDE,UNREQUESTED_RECORD_TYPE,true,false,true,
OUT-TYPE-024,unrequested-schedule_note-024.json,1,SYNTHETIC_HR_MISC_EXPORT,E-1042,Audrea Barnes,SCHEDULE_NOTE,2026-03-01,2026-03-31,2026-04-05,,,,OUTSIDE,UNREQUESTED_RECORD_TYPE,true,false,true,
OUT-TYPE-025,unrequested-expense_report-025.json,1,SYNTHETIC_HR_MISC_EXPORT,E-1042,Audrea Barnes,EXPENSE_REPORT,2026-04-01,2026-04-30,2026-05-05,,,,OUTSIDE,UNREQUESTED_RECORD_TYPE,true,false,true,
OUT-TYPE-026,unrequested-tip_pool_report-026.json,1,SYNTHETIC_HR_MISC_EXPORT,E-1042,Audrea Barnes,TIP_POOL_REPORT,2026-05-01,2026-05-31,2026-06-05,,,,OUTSIDE,UNREQUESTED_RECORD_TYPE,true,false,true,
OUT-TYPE-027,unrequested-training_certificate-027.json,1,SYNTHETIC_HR_MISC_EXPORT,E-1042,Audrea Barnes,TRAINING_CERTIFICATE,2026-06-01,2026-06-30,2026-07-05,,,,OUTSIDE,UNREQUESTED_RECORD_TYPE,true,false,true,
